,27.26056724501642,Intro
27.2772505787037,150.35020318977232,Exploration Changes
27.2772505787037,95.0449520164373,Alien DNA Capsule
95.06163535012458,150.35020318977232,Game Modes
150.3668865234596,232.03180492269792,Conveyor Belts
150.3668865234596,205.23837102092534,Intro
205.2550543546126,232.03180492269792,Conveyor Belt Ceiling Mounts & improvements
232.04848825638518,303.28632310107315,Zip Line improvements
232.04848825638518,279.8128726030694,Intro
279.82955593675666,303.28632310107315,Zip Line Sprint
303.30300643476045,386.41937486479213,Overclocking changes
303.30300643476045,344.87787398346353,Intro
344.8945573171508,386.41937486479213,Overclocking exponent change
386.43605819847943,476.775611,Blueprint Designer
386.43605819847943,396.81309175196793,Intro
396.82977508565517,433.16607585655225,Designing Blueprints
433.1827591902395,451.5511095799354,Blueprint files
451.56779291362267,476.775611,Outro
476.79299344879087,497.18002721464774,Outro
497.18002721464774,,End Tag
