0,591.648,Happy Holidays 2024!
0,42.440864656478034,Intro
42.47423011611363,98.99531873881315,Thank You
99.02868419844876,127.68961402542567,Satisfactory 1.1
127.72297948506126,507.120812,Thank You & Happy Holidays
127.72297948506126,277.692528,Mikael
277.73408600670064,301.8906787828721,Emmet
301.92404424250765,312.90128046261873,Nathalie
312.93464592225433,320.308412501721,Angelica
320.3417779613566,329.85093395750147,Margit
329.8842994171371,340.294322823443,
340.3276882830786,344.99885263206204,Vladimir
345.03221809169764,349.1361696268759,Finance Team
349.16953508651153,354.10762311257974,Gnutt
354.1409885722153,363.1830281334618,Robert
363.2163935930974,372.6921841296067,Tech Team
372.72554958924223,410.42851897746567,Nick & Dylan
410.4618844371013,415.56679976134745,Uzu
415.60016522098306,447.7644683096975,Guru
447.7978337693331,457.8408371196475,Fix That In Post
457.8742025792831,507.120812,Snutt
507.1549864610583,591.648,Bloopers
